,Market_Trend,Competitor_Pricing,Supply_Demand,Price_Fluctuation_Factor
0,positive,medium,balanced,0.9264624350784441
1,neutral,medium,balanced,1.0369601449391
2,positive,medium,high_supply_low_demand,1.2042473316455857
3,neutral,medium,balanced,1.3969153105257597
4,neutral,high,high_supply_low_demand,1.0451413663696036
5,negative,medium,high_supply_low_demand,0.9875920777530941
6,positive,high,low_supply_high_demand,0.8433224181900271
7,negative,high,balanced,1.3749124343886727
8,positive,low,high_supply_low_demand,1.0657665102446754
9,positive,low,low_supply_high_demand,1.200085136791854
10,positive,medium,high_supply_low_demand,1.4884887927198542
11,negative,low,balanced,0.8011161994230063
12,neutral,high,balanced,0.9018150984892062
13,negative,medium,low_supply_high_demand,1.3453776958135488
14,negative,medium,low_supply_high_demand,1.3635892396454865
15,positive,medium,low_supply_high_demand,1.3384729833229287
16,neutral,medium,low_supply_high_demand,1.1758992237299806
17,neutral,low,low_supply_high_demand,1.4851998867161393
18,neutral,medium,balanced,1.0773291919967245
19,neutral,high,low_supply_high_demand,1.2213605886791785
20,positive,medium,low_supply_high_demand,0.8443583031841939
21,neutral,low,low_supply_high_demand,1.0869002149351372
22,positive,high,low_supply_high_demand,1.3057500612569455
23,positive,low,balanced,0.9671171885394896
24,neutral,low,balanced,1.4606793123512039
25,negative,low,high_supply_low_demand,1.2807483573503022
26,positive,low,low_supply_high_demand,1.0013027680003002
27,negative,medium,low_supply_high_demand,1.3382992458940994
28,positive,low,balanced,0.8582153402656764
29,neutral,medium,balanced,1.4823420957573195
30,neutral,medium,balanced,0.834499681351491
31,negative,low,low_supply_high_demand,1.4534191238041028
32,positive,high,high_supply_low_demand,0.9769977144237829
33,neutral,low,high_supply_low_demand,1.3304768753836234
34,neutral,low,balanced,0.8000515896031744
35,neutral,medium,balanced,0.9779680624257199
36,positive,medium,balanced,1.3243704246548038
37,negative,medium,balanced,1.1726352496281256
38,positive,medium,high_supply_low_demand,0.8804665047459804
39,negative,low,high_supply_low_demand,1.0755408220860927
40,negative,high,balanced,1.0628845485591798
41,positive,high,high_supply_low_demand,1.1977135709266649
42,negative,high,balanced,1.2675839507221525
43,positive,high,high_supply_low_demand,1.388581169688575
44,positive,medium,low_supply_high_demand,1.148061977884161
45,positive,low,low_supply_high_demand,1.074415202113619
46,neutral,medium,high_supply_low_demand,0.9007835738667672
47,neutral,medium,balanced,1.3633760754928055
48,negative,low,high_supply_low_demand,1.299359283790192
49,positive,low,balanced,1.0860741782182797
50,positive,low,balanced,1.1629026169598686
51,neutral,medium,balanced,1.2656279910883221
52,positive,high,balanced,0.9153639128932765
53,neutral,medium,high_supply_low_demand,0.8190384560855443
54,negative,medium,high_supply_low_demand,1.0222525894306798
55,negative,low,low_supply_high_demand,1.216909513745314
56,positive,medium,balanced,1.140624263897021
57,neutral,high,low_supply_high_demand,1.284788238804189
58,neutral,high,high_supply_low_demand,1.3737828639021745
59,neutral,medium,high_supply_low_demand,1.141909726711193
60,neutral,low,balanced,0.8939869166024774
61,negative,medium,high_supply_low_demand,1.3954395998592761
62,negative,high,balanced,1.2024932290918802
63,negative,high,low_supply_high_demand,1.3179562365480095
64,positive,medium,balanced,1.2932652575258041
65,negative,high,high_supply_low_demand,1.477748239931869
66,neutral,medium,high_supply_low_demand,1.0067151256350697
67,positive,high,high_supply_low_demand,1.2937147409454834
68,neutral,low,low_supply_high_demand,1.055973433188143
69,negative,high,balanced,1.0767875046430493
70,positive,medium,low_supply_high_demand,0.9614162456611051
71,positive,medium,high_supply_low_demand,1.0408071229555977
72,negative,low,balanced,1.463807726160784
73,positive,high,low_supply_high_demand,1.0047995928633207
74,positive,medium,balanced,0.9721934241696107
75,positive,high,high_supply_low_demand,1.2081965849316754
76,positive,low,low_supply_high_demand,0.9806251697192283
77,positive,medium,balanced,1.1313700079160065
78,positive,low,balanced,1.383923379589366
79,negative,medium,high_supply_low_demand,0.9612802200150229
80,positive,high,high_supply_low_demand,1.098683988528744
81,negative,medium,high_supply_low_demand,1.2273428145140224
82,neutral,low,low_supply_high_demand,1.1819402472014398
83,neutral,medium,low_supply_high_demand,1.482306266190666
84,neutral,low,balanced,1.2762591780766366
85,positive,medium,balanced,1.317962369433908
86,neutral,low,low_supply_high_demand,1.4768691635767133
87,neutral,high,balanced,1.0901066176599647
88,neutral,medium,low_supply_high_demand,1.0487658705427358
89,positive,high,balanced,0.8307037008364678
90,neutral,medium,low_supply_high_demand,0.9289430145631791
91,negative,medium,balanced,0.9660327424361732
92,positive,high,balanced,0.928453126949937
93,neutral,low,low_supply_high_demand,1.3283487252375952
94,negative,high,high_supply_low_demand,1.1751180868932782
95,positive,high,low_supply_high_demand,1.2673436610209272
96,negative,medium,low_supply_high_demand,1.3743235125875617
97,positive,low,high_supply_low_demand,0.9615417589001263
98,neutral,low,balanced,1.0281467578750494
99,negative,high,high_supply_low_demand,1.2958521869256177
100,negative,high,high_supply_low_demand,1.074931262133131
101,neutral,low,high_supply_low_demand,0.8204896580707309
102,positive,high,balanced,1.1044686533188146
103,neutral,medium,low_supply_high_demand,1.43579116049079
104,neutral,medium,high_supply_low_demand,1.0863150581150123
105,positive,high,balanced,1.032574241509923
106,negative,medium,balanced,1.4926675580615192
107,negative,low,low_supply_high_demand,1.2510908949659092
108,negative,high,low_supply_high_demand,1.0561986185298267
109,negative,medium,high_supply_low_demand,0.8714136719546652
110,neutral,high,balanced,1.3514946114624948
111,negative,low,low_supply_high_demand,1.2956524534414304
112,negative,medium,high_supply_low_demand,1.4453410594739955
113,negative,low,balanced,0.9520929410196058
114,negative,high,balanced,0.8804470449917624
115,negative,high,low_supply_high_demand,1.3068507684863446
116,positive,medium,balanced,0.942377089399087
117,neutral,low,balanced,0.9232726864526473
118,negative,high,low_supply_high_demand,1.0238651347772505
119,negative,low,balanced,1.3717775990349064
120,neutral,low,balanced,1.1776756235767416
121,negative,medium,high_supply_low_demand,0.8320952485715967
122,neutral,low,balanced,1.124726272261522
123,positive,high,low_supply_high_demand,1.2787857279565327
124,negative,high,balanced,1.1768579069283112
125,negative,medium,low_supply_high_demand,1.2007151527095892
126,positive,low,low_supply_high_demand,0.9573441298748653
127,negative,high,balanced,1.3934175321167437
128,positive,high,low_supply_high_demand,1.192979102313787
129,positive,medium,high_supply_low_demand,1.2992722091284736
130,negative,low,low_supply_high_demand,1.4873049519093118
131,positive,low,high_supply_low_demand,1.0997390603721726
132,negative,low,low_supply_high_demand,1.416746628873556
133,negative,high,balanced,0.8050967097587876
134,negative,high,low_supply_high_demand,0.8233851048305841
135,positive,medium,low_supply_high_demand,1.213195945210172
136,positive,high,low_supply_high_demand,1.0180145768795406
137,positive,medium,high_supply_low_demand,0.9737935969137902
138,neutral,medium,high_supply_low_demand,0.994554750046271
139,negative,low,high_supply_low_demand,1.0228820542274113
140,positive,medium,high_supply_low_demand,1.3102633873003962
141,neutral,low,high_supply_low_demand,1.1984371805616612
142,negative,low,balanced,1.3523251807915333
143,negative,high,low_supply_high_demand,1.3811376058845364
144,negative,high,low_supply_high_demand,1.3900544015108975
145,neutral,medium,balanced,1.0902509044224213
146,positive,medium,balanced,1.0948913774214875
147,positive,medium,balanced,1.4483861160984088
148,positive,medium,balanced,1.2632345162230874
149,positive,high,high_supply_low_demand,0.8563270287853971
150,negative,medium,low_supply_high_demand,1.1795308678647278
151,negative,low,balanced,1.049205081744435
152,positive,high,balanced,1.491204492801454
153,positive,low,low_supply_high_demand,0.8095587845236049
154,positive,medium,balanced,1.2285266111493907
155,neutral,high,high_supply_low_demand,1.3065361660792005
156,negative,low,high_supply_low_demand,1.0022347399501488
157,positive,high,high_supply_low_demand,1.4815490627795724
158,positive,low,balanced,1.4016756389151979
159,neutral,high,low_supply_high_demand,1.4409569886900688
160,positive,low,balanced,0.8134624415460839
161,negative,low,low_supply_high_demand,1.1989105059203662
162,neutral,low,high_supply_low_demand,1.0062551693681827
163,neutral,high,high_supply_low_demand,1.3943200444549642
164,neutral,low,low_supply_high_demand,1.2429947598404736
165,positive,low,balanced,1.1772139030247768
166,positive,medium,balanced,0.880211718772924
167,positive,low,balanced,1.1781559633503336
168,neutral,medium,high_supply_low_demand,1.2423329024494987
169,neutral,high,balanced,1.4691386165171432
170,negative,low,low_supply_high_demand,1.2095357072967086
171,neutral,high,balanced,1.4771804212219581
172,positive,medium,balanced,1.4731242809246634
173,positive,medium,low_supply_high_demand,1.2551402350835184
174,neutral,high,low_supply_high_demand,1.154135588882662
175,negative,low,high_supply_low_demand,1.1262152206782345
176,neutral,high,high_supply_low_demand,1.4232649927810477
177,neutral,medium,balanced,0.8197796780802298
178,neutral,medium,balanced,0.8796657386165001
179,positive,low,high_supply_low_demand,0.8714502103834063
180,positive,medium,balanced,1.3298547275847383
181,positive,low,balanced,1.0377557166967744
182,neutral,low,low_supply_high_demand,1.2465779813184907
183,negative,low,balanced,1.222648032689796
184,neutral,medium,low_supply_high_demand,1.0700795788197721
185,neutral,high,high_supply_low_demand,1.1720974055696791
186,positive,high,balanced,1.251596973500162
187,positive,medium,low_supply_high_demand,1.4586652309146968
188,neutral,high,low_supply_high_demand,1.202943851002687
189,negative,high,low_supply_high_demand,1.23005725823782
190,positive,medium,low_supply_high_demand,0.8474990723926429
191,negative,high,balanced,1.4665510703320783
192,negative,medium,high_supply_low_demand,1.1696573495365703
193,neutral,low,low_supply_high_demand,1.3608913939019454
194,neutral,low,high_supply_low_demand,0.8352037442031723
195,neutral,high,low_supply_high_demand,1.0946370950159636
196,negative,medium,low_supply_high_demand,0.9798828214068911
197,positive,low,low_supply_high_demand,0.986883129082013
198,positive,medium,high_supply_low_demand,1.3540176109726505
199,neutral,medium,high_supply_low_demand,1.2367067076881975
200,positive,medium,high_supply_low_demand,1.1078217182899937
201,negative,high,balanced,0.8074100177104754
202,negative,low,high_supply_low_demand,1.475449560061871
203,positive,high,balanced,1.4734162773490067
204,negative,medium,balanced,0.9522865471960269
205,negative,low,high_supply_low_demand,0.8289424606215897
206,negative,high,low_supply_high_demand,1.1711395541083316
207,neutral,low,low_supply_high_demand,1.4659875702314853
208,neutral,high,balanced,1.4372770920354545
209,positive,medium,low_supply_high_demand,1.2092640047225776
210,positive,low,low_supply_high_demand,1.0124841954575952
211,positive,medium,balanced,1.0309726186384371
212,negative,medium,high_supply_low_demand,1.4285394860402194
213,negative,low,balanced,1.1442488249449039
214,neutral,low,high_supply_low_demand,0.8917813602770019
215,neutral,high,high_supply_low_demand,0.9738978331815251
216,positive,high,balanced,0.9937564310272494
217,positive,medium,low_supply_high_demand,0.8864826794523366
218,negative,high,high_supply_low_demand,1.124131067064904
219,neutral,low,balanced,1.4412356357924936
220,neutral,low,balanced,1.2681477800945826
221,negative,low,balanced,0.8507317469741993
222,positive,medium,high_supply_low_demand,0.803846372466414
223,neutral,high,low_supply_high_demand,0.9933733672284781
224,neutral,high,low_supply_high_demand,1.0538850543557583
225,neutral,high,balanced,1.3437247683327431
226,neutral,high,high_supply_low_demand,1.4769038667512566
227,neutral,high,low_supply_high_demand,1.0712970213964805
228,negative,high,balanced,1.2806830208718027
229,negative,high,low_supply_high_demand,1.4964313351470744
230,negative,medium,low_supply_high_demand,1.32196660871251
231,positive,high,high_supply_low_demand,1.2453326843600911
232,neutral,high,balanced,0.8546523979248131
233,negative,high,low_supply_high_demand,1.0262506408363112
234,neutral,medium,low_supply_high_demand,1.4393745109200098
235,neutral,high,high_supply_low_demand,0.9407038371766341
236,neutral,medium,high_supply_low_demand,1.3905132514912457
237,neutral,medium,low_supply_high_demand,1.2874265795563538
238,positive,medium,high_supply_low_demand,1.0564270595815284
239,negative,low,high_supply_low_demand,1.1704219887988596
240,negative,high,balanced,1.1799645281269695
241,positive,low,balanced,1.2998376495517205
242,neutral,high,low_supply_high_demand,1.1615891587694374
243,neutral,medium,low_supply_high_demand,0.8931531931289164
244,positive,medium,low_supply_high_demand,1.341418270065339
245,positive,high,high_supply_low_demand,1.0843907478342831
246,positive,high,balanced,1.474165723148349
247,negative,medium,low_supply_high_demand,0.9984596476051241
248,neutral,high,balanced,0.9841551462076092
249,negative,high,high_supply_low_demand,1.033455176972628
250,neutral,low,balanced,1.200621911171038
251,negative,medium,high_supply_low_demand,1.4264088181406875
252,positive,low,low_supply_high_demand,0.9233971480980104
253,negative,medium,high_supply_low_demand,0.9957751583194542
254,positive,low,high_supply_low_demand,1.2071758902035032
255,neutral,high,high_supply_low_demand,1.1180339695130606
256,neutral,high,high_supply_low_demand,1.1131260210790077
257,neutral,medium,low_supply_high_demand,1.3745139834674847
258,positive,medium,balanced,1.446714811757953
259,positive,medium,low_supply_high_demand,1.1369148762489174
260,positive,low,low_supply_high_demand,1.2811462568130916
261,positive,medium,high_supply_low_demand,1.3607410977191758
262,positive,high,low_supply_high_demand,1.1628564872710148
263,positive,medium,high_supply_low_demand,1.0060214862676147
264,neutral,high,balanced,1.2466592184055987
265,positive,low,high_supply_low_demand,1.2095763702142415
266,negative,high,balanced,1.4310939738177273
267,negative,high,low_supply_high_demand,0.8366849257388993
268,neutral,low,high_supply_low_demand,1.4370919709934267
269,neutral,high,balanced,1.1741024197157517
270,neutral,low,low_supply_high_demand,0.8109732812349398
271,negative,low,balanced,1.0412915251374517
272,neutral,low,high_supply_low_demand,1.3070334947127238
273,neutral,high,balanced,1.1419031615550832
274,positive,low,balanced,1.4861113262086947
275,neutral,medium,balanced,1.0958270516817339
276,negative,high,low_supply_high_demand,1.0286446607382054
277,neutral,high,balanced,1.3751703541006977
278,neutral,medium,balanced,1.183534689550622
279,positive,medium,balanced,1.2776286053437913
280,positive,medium,balanced,1.3639916366270741
281,neutral,medium,high_supply_low_demand,1.2699992822879342
282,neutral,low,high_supply_low_demand,1.0956852463380653
283,negative,high,low_supply_high_demand,0.8873575135260106
284,neutral,high,balanced,1.2061737165999105
285,negative,medium,low_supply_high_demand,1.4282033287104818
286,negative,low,balanced,1.0932246985628904
287,neutral,low,high_supply_low_demand,1.4375076643899884
288,negative,medium,balanced,1.1524694738476815
289,negative,medium,low_supply_high_demand,1.2345890937097337
290,positive,medium,balanced,1.38309193323895
291,neutral,medium,high_supply_low_demand,1.1952179767485052
292,neutral,low,low_supply_high_demand,0.8636785375068945
293,neutral,high,balanced,1.4866855805602766
294,negative,low,high_supply_low_demand,0.9720945113389836
295,neutral,high,balanced,1.297353730041139
296,neutral,high,high_supply_low_demand,1.1535794070324172
297,neutral,high,low_supply_high_demand,1.1351408457723957
298,negative,low,low_supply_high_demand,0.970758573206824
299,positive,medium,balanced,1.305505535990073
300,neutral,medium,high_supply_low_demand,0.878951785381691
301,positive,low,low_supply_high_demand,1.4933173165530396
302,neutral,low,balanced,1.3917614759750427
303,neutral,high,balanced,1.1741562580040545
304,negative,low,balanced,1.0971870692406067
305,positive,high,high_supply_low_demand,1.0005252427219073
306,negative,low,balanced,1.1511140296585372
307,positive,medium,high_supply_low_demand,1.4155922234169176
308,negative,medium,balanced,0.9925044804904786
309,positive,medium,high_supply_low_demand,1.1503762211621953
310,negative,low,balanced,0.9641849314469216
311,positive,high,balanced,1.036004379565466
312,positive,medium,high_supply_low_demand,0.9331823562463327
313,positive,high,low_supply_high_demand,1.4933774357448315
314,positive,medium,low_supply_high_demand,1.2000482125237188
315,neutral,high,low_supply_high_demand,1.3129705868256867
316,negative,low,high_supply_low_demand,0.8687749394164257
317,positive,low,low_supply_high_demand,1.056282285052021
318,positive,high,balanced,1.424847862133125
319,neutral,low,high_supply_low_demand,0.8591068284967636
320,negative,high,low_supply_high_demand,0.9158382598377293
321,neutral,low,balanced,1.237792327245818
322,positive,low,balanced,1.2359522958729576
323,positive,high,high_supply_low_demand,1.3867589311177508
324,positive,medium,low_supply_high_demand,1.454844934709995
325,positive,medium,balanced,0.8993905327976847
326,positive,medium,low_supply_high_demand,0.9815616729688996
327,neutral,high,balanced,1.0992229839852792
328,positive,medium,balanced,0.8006322998648748
329,negative,low,high_supply_low_demand,0.8488700120717865
330,negative,medium,low_supply_high_demand,0.9585438945587152
331,negative,low,balanced,1.1367713748110682
332,positive,medium,low_supply_high_demand,0.976065916718029
333,positive,medium,low_supply_high_demand,1.4136773245561336
334,negative,high,low_supply_high_demand,1.0269910128794077
335,positive,low,high_supply_low_demand,1.44723596849984
336,negative,low,balanced,1.4823510825142971
337,negative,low,low_supply_high_demand,1.1149030737353052
338,positive,medium,high_supply_low_demand,0.9589901718295266
339,neutral,medium,low_supply_high_demand,1.0041662933961024
340,neutral,high,high_supply_low_demand,1.3434335771616124
341,neutral,high,low_supply_high_demand,0.9913447954548138
342,positive,high,low_supply_high_demand,1.0664080075441993
343,positive,medium,low_supply_high_demand,1.135003100937295
344,neutral,high,high_supply_low_demand,1.2025777815289889
345,positive,low,high_supply_low_demand,1.4972703082108667
346,positive,high,balanced,0.9625468286145147
347,neutral,medium,balanced,1.0473965922737183
348,negative,high,high_supply_low_demand,0.9840238239073578
349,negative,low,balanced,1.0527794056505972
350,positive,low,high_supply_low_demand,0.8705631618262344
351,negative,low,high_supply_low_demand,1.051866837068733
352,neutral,medium,high_supply_low_demand,1.4215055220250719
353,neutral,low,balanced,1.0090128934925144
354,negative,high,low_supply_high_demand,1.0603543458943483
355,neutral,high,balanced,1.4611319151065543
356,negative,low,low_supply_high_demand,1.3098652974288076
357,negative,medium,balanced,1.1617171003726339
358,neutral,low,low_supply_high_demand,1.3440349098824083
359,negative,high,low_supply_high_demand,0.8862257541981529
360,positive,high,high_supply_low_demand,1.1251432472545897
361,positive,low,balanced,0.8827652901151064
362,negative,medium,low_supply_high_demand,0.9635327015137061
363,neutral,high,balanced,0.8993070818181811
364,neutral,medium,high_supply_low_demand,1.0532608674183974
365,negative,low,high_supply_low_demand,1.0671475242771482
366,negative,high,low_supply_high_demand,1.4631160072832685
367,neutral,high,high_supply_low_demand,0.9848880118312705
368,positive,high,balanced,1.1307001917215618
369,negative,high,high_supply_low_demand,1.3679655827744406
370,positive,high,high_supply_low_demand,1.3709323105056632
371,negative,high,high_supply_low_demand,1.3252402309245142
372,positive,low,high_supply_low_demand,1.001483633498051
373,negative,high,balanced,1.14648013358795
374,neutral,high,balanced,0.9303481166307064
375,negative,low,low_supply_high_demand,0.931879665947963
376,neutral,high,high_supply_low_demand,1.1050888491968176
377,positive,high,low_supply_high_demand,1.3170145548700587
378,neutral,low,low_supply_high_demand,1.1686089819984864
379,neutral,high,balanced,1.4206782545932166
380,negative,high,high_supply_low_demand,1.381636158444303
381,negative,low,high_supply_low_demand,0.8221238099742839
382,positive,high,balanced,1.1978933300063512
383,neutral,low,balanced,1.2264128850489502
384,positive,high,balanced,1.4731026010100572
385,positive,high,high_supply_low_demand,0.8162656386962033
386,positive,low,low_supply_high_demand,1.1717726396780404
387,negative,medium,low_supply_high_demand,0.9433469533550967
388,positive,low,high_supply_low_demand,0.8375640344041124
389,neutral,medium,low_supply_high_demand,1.2112419673122063
390,positive,medium,high_supply_low_demand,1.3408229005429617
391,negative,high,high_supply_low_demand,1.3424058144576314
392,neutral,low,balanced,0.8212018871091348
393,positive,medium,high_supply_low_demand,1.0848624801901126
394,neutral,medium,balanced,0.8311567390040344
395,negative,medium,balanced,0.9734870528935389
396,positive,medium,low_supply_high_demand,0.9350164919305639
397,positive,low,balanced,0.9506278054695101
398,positive,high,low_supply_high_demand,1.03738288982417
399,negative,high,high_supply_low_demand,0.9941926292851988
400,neutral,medium,low_supply_high_demand,1.4735959379293186
401,positive,high,low_supply_high_demand,1.0466849840065675
402,positive,medium,low_supply_high_demand,1.4259207607050803
403,positive,high,high_supply_low_demand,0.9267291700646476
404,positive,high,high_supply_low_demand,1.3346228070317498
405,neutral,low,balanced,0.84294187521725
406,negative,medium,high_supply_low_demand,1.123932860628539
407,negative,low,balanced,0.8038573081648682
408,neutral,high,high_supply_low_demand,1.3672035341486053
409,positive,medium,low_supply_high_demand,1.465340225226449
410,neutral,medium,balanced,0.824575159579002
411,neutral,medium,high_supply_low_demand,1.4536924530313202
412,neutral,medium,high_supply_low_demand,1.341697724043947
413,neutral,medium,high_supply_low_demand,1.0512031051549569
414,neutral,medium,low_supply_high_demand,1.4362135858559637
415,neutral,high,balanced,1.0073800898756307
416,negative,medium,balanced,1.0865067185643333
417,negative,high,balanced,0.8676978835344151
418,neutral,low,high_supply_low_demand,1.2598572733301008
419,neutral,high,balanced,0.8207205801195904
420,neutral,low,balanced,1.139433692639326
421,negative,medium,high_supply_low_demand,1.2782342951767736
422,positive,high,high_supply_low_demand,1.3748663206643776
423,positive,high,high_supply_low_demand,0.9049589727351636
424,positive,high,high_supply_low_demand,1.3278632563741022
425,neutral,low,low_supply_high_demand,1.3033539164885206
426,positive,medium,low_supply_high_demand,1.191699373883849
427,neutral,high,balanced,1.209251218451505
428,positive,low,low_supply_high_demand,0.8638895045997448
429,negative,high,high_supply_low_demand,1.2203297302682663
430,negative,high,low_supply_high_demand,1.0670655449495827
431,neutral,high,high_supply_low_demand,1.4073065959391529
432,positive,high,low_supply_high_demand,1.0191692172151932
433,positive,low,high_supply_low_demand,1.2036165541544672
434,positive,medium,balanced,1.0985999797908361
435,positive,medium,balanced,1.4133833567752192
436,positive,high,low_supply_high_demand,0.9777416668924324
437,negative,low,high_supply_low_demand,0.8551616522166223
438,neutral,medium,balanced,1.3240590046881977
439,positive,medium,high_supply_low_demand,1.0890276318358252
440,negative,high,low_supply_high_demand,1.2123688513884041
441,positive,high,high_supply_low_demand,0.8184725321993458
442,negative,low,high_supply_low_demand,1.4664768539781814
443,neutral,medium,low_supply_high_demand,1.4143328641694835
444,positive,high,balanced,1.2367075304040942
445,positive,low,low_supply_high_demand,0.8119208894788327
446,negative,low,high_supply_low_demand,1.0645835317880137
447,neutral,low,low_supply_high_demand,1.4851575764195042
448,negative,medium,low_supply_high_demand,1.2769312511181643
449,negative,medium,high_supply_low_demand,0.9126915029193934
450,neutral,medium,low_supply_high_demand,1.1224177240581503
451,positive,low,balanced,1.4767164206904402
452,positive,low,balanced,1.1742957220916153
453,negative,high,low_supply_high_demand,0.8172301696208772
454,neutral,high,high_supply_low_demand,1.2338404589931844
455,neutral,medium,low_supply_high_demand,0.9898515716518119
456,positive,medium,low_supply_high_demand,0.8691921663138331
457,positive,high,balanced,1.082035911312325
458,negative,medium,balanced,1.1909661682025714
459,positive,high,high_supply_low_demand,0.811928502633462
460,neutral,high,high_supply_low_demand,1.1913327660451634
461,negative,high,high_supply_low_demand,1.1578422027877462
462,negative,low,low_supply_high_demand,1.355735868169132
463,neutral,medium,low_supply_high_demand,1.096484871770778
464,positive,low,low_supply_high_demand,1.1874153007689203
465,positive,medium,low_supply_high_demand,1.3194065128399886
466,neutral,low,high_supply_low_demand,1.428002110247362
467,positive,medium,high_supply_low_demand,1.0660242032165812
468,positive,medium,high_supply_low_demand,1.2211434470482025
469,negative,high,low_supply_high_demand,1.2862276323914672
470,positive,low,low_supply_high_demand,0.8302894735095374
471,positive,low,high_supply_low_demand,1.3605323559402942
472,neutral,medium,balanced,1.0642011296507756
473,neutral,low,high_supply_low_demand,1.269167259010527
474,neutral,medium,low_supply_high_demand,1.1301648463434644
475,neutral,medium,low_supply_high_demand,1.2916373998841952
476,neutral,high,high_supply_low_demand,1.3070316854650452
477,neutral,medium,balanced,0.9340997094405272
478,negative,low,balanced,1.2635219640005153
479,positive,high,low_supply_high_demand,1.395926406517461
480,negative,medium,low_supply_high_demand,0.9648970403534824
481,positive,high,low_supply_high_demand,1.3307284289257146
482,neutral,high,high_supply_low_demand,1.2436775792086565
483,positive,medium,low_supply_high_demand,1.4685882241307948
484,negative,low,low_supply_high_demand,0.9821726041042326
485,positive,medium,low_supply_high_demand,0.9079944443606025
486,positive,medium,balanced,1.01848471069719
487,neutral,medium,balanced,0.9805711447385431
488,negative,medium,low_supply_high_demand,1.329782932331459
489,neutral,medium,balanced,1.3131765126927588
490,neutral,low,balanced,1.2687794305987337
491,neutral,high,balanced,0.9514653801209415
492,positive,low,balanced,1.4032647652073629
493,positive,medium,high_supply_low_demand,1.4696000891012493
494,negative,high,balanced,1.1721240726760511
495,positive,high,balanced,1.25456091144057
496,positive,high,balanced,1.1504844693143936
497,negative,low,balanced,0.9984904005718227
498,neutral,low,high_supply_low_demand,1.000303322797623
499,negative,low,high_supply_low_demand,1.0193943659144393
500,negative,medium,low_supply_high_demand,0.9335950029149078
501,positive,low,balanced,1.4313465428405223
502,negative,low,balanced,1.4008786938326803
503,negative,low,low_supply_high_demand,1.1231475529231858
504,positive,high,high_supply_low_demand,1.0570759887921193
505,negative,high,low_supply_high_demand,1.457354849582969
506,neutral,medium,high_supply_low_demand,0.9556614284629671
507,positive,high,low_supply_high_demand,1.187479371626761
508,neutral,medium,low_supply_high_demand,0.8381487088795139
509,negative,high,balanced,0.9338415379122144
510,neutral,medium,low_supply_high_demand,1.2228188533516569
511,neutral,medium,high_supply_low_demand,1.2635285569909187
512,positive,high,high_supply_low_demand,1.2066970730712678
513,neutral,high,low_supply_high_demand,1.4087209911995027
514,neutral,low,high_supply_low_demand,1.495383654575923
515,neutral,low,low_supply_high_demand,1.3347032895070379
516,negative,medium,balanced,1.1255642489006312
517,positive,medium,balanced,1.3837542686178719
518,neutral,medium,balanced,0.8842711759162012
519,neutral,high,balanced,1.2782894875121509
520,positive,high,low_supply_high_demand,1.1628364512174039
521,neutral,low,high_supply_low_demand,0.924646120379003
522,negative,high,low_supply_high_demand,1.4810535320961498
523,positive,medium,high_supply_low_demand,1.0369061938451234
524,neutral,low,low_supply_high_demand,1.2307963841743685
525,negative,high,high_supply_low_demand,1.4150159662674664
526,neutral,medium,high_supply_low_demand,1.1546821907403744
527,negative,high,low_supply_high_demand,0.8805964951235024
528,neutral,high,balanced,1.373117359043103
529,negative,high,low_supply_high_demand,1.0472496369411604
530,neutral,medium,balanced,1.488146808224287
531,negative,medium,low_supply_high_demand,1.4186778125111905
532,negative,high,high_supply_low_demand,1.39741453334427
533,negative,medium,balanced,1.0493772242765296
534,negative,high,high_supply_low_demand,1.329990844466346
535,positive,low,high_supply_low_demand,1.4904303441011122
536,negative,medium,high_supply_low_demand,1.168425128365932
537,negative,high,low_supply_high_demand,1.1295125084686621
538,negative,high,high_supply_low_demand,0.8102660746804496
539,negative,high,low_supply_high_demand,1.2901426381144554
540,positive,low,balanced,1.4009342980212978
541,neutral,medium,high_supply_low_demand,0.973220030257281
542,positive,high,balanced,1.0205172039802597
543,negative,high,balanced,1.1504739149283094
544,positive,high,low_supply_high_demand,0.8504561101530619
545,positive,medium,balanced,0.862749733269116
546,negative,low,low_supply_high_demand,1.0947775312216566
547,neutral,low,low_supply_high_demand,0.9828532668923952
548,negative,high,balanced,1.084226111772938
549,negative,high,balanced,1.1180704086699567
550,neutral,medium,balanced,1.4833913777173828
551,neutral,high,low_supply_high_demand,1.4609818740719862
552,negative,low,low_supply_high_demand,0.8978111060778363
553,neutral,medium,balanced,1.4178101816125726
554,negative,medium,low_supply_high_demand,0.856144663631055
555,neutral,high,balanced,1.155344828802428
556,negative,low,low_supply_high_demand,0.9147369300768358
557,positive,medium,low_supply_high_demand,1.0561245017498537
558,neutral,medium,high_supply_low_demand,1.3203381579540654
559,neutral,high,high_supply_low_demand,1.097153835549795
560,negative,low,balanced,1.3648659012999336
561,negative,low,high_supply_low_demand,1.3031709977262793
562,positive,medium,low_supply_high_demand,1.4599876123477113
563,negative,low,balanced,1.1739092144101142
564,neutral,high,high_supply_low_demand,1.3615035677914566
565,negative,high,balanced,1.0260349744359363
566,positive,medium,balanced,1.0420220915629053
567,neutral,medium,low_supply_high_demand,1.080357324507054
568,negative,low,high_supply_low_demand,1.0876410140086623
569,positive,high,low_supply_high_demand,0.8722772544661822
570,negative,low,balanced,1.1633692575323045
571,neutral,low,balanced,0.8677622534883179
572,negative,medium,balanced,1.4228334950738348
573,neutral,high,high_supply_low_demand,0.8432913482563053
574,positive,high,low_supply_high_demand,1.1147861012165161
575,positive,low,low_supply_high_demand,0.9992858464733014
576,neutral,high,high_supply_low_demand,0.9084085909581354
577,positive,high,low_supply_high_demand,1.3486856835895487
578,negative,low,low_supply_high_demand,1.300452679243668
579,positive,medium,balanced,0.9021635231270593
580,neutral,medium,balanced,1.2429359487744172
581,negative,medium,balanced,1.3547886171313124
582,positive,low,high_supply_low_demand,1.341332554258921
583,negative,high,balanced,0.8645957183643531
584,positive,low,low_supply_high_demand,1.2798589033320433
585,positive,low,high_supply_low_demand,1.301216744618504
586,neutral,medium,low_supply_high_demand,1.403516386929419
587,positive,high,high_supply_low_demand,1.1556310372054908
588,neutral,medium,low_supply_high_demand,1.1227658002123502
589,positive,high,high_supply_low_demand,1.475581427443629
590,negative,high,low_supply_high_demand,1.3575585790171276
591,positive,medium,balanced,1.1911116935645423
592,negative,medium,high_supply_low_demand,1.0314319499178957
593,neutral,low,low_supply_high_demand,1.3916665972024576
594,positive,high,low_supply_high_demand,1.1188054726250833
595,negative,high,low_supply_high_demand,0.8648796345107125
596,positive,high,low_supply_high_demand,1.118432990899408
597,negative,high,balanced,1.4103778773051023
598,positive,high,balanced,1.1137975028261118
599,negative,low,high_supply_low_demand,0.8100444034182451
600,negative,high,high_supply_low_demand,1.2280397267415286
601,positive,low,low_supply_high_demand,1.4970810023879793
602,positive,medium,high_supply_low_demand,1.3720740088283583
603,negative,low,low_supply_high_demand,1.2320665626327036
604,neutral,low,high_supply_low_demand,1.4400792207585194
605,neutral,low,high_supply_low_demand,1.3695071771557434
606,neutral,medium,low_supply_high_demand,1.1490475469180284
607,neutral,high,balanced,1.2138541997851673
608,positive,low,low_supply_high_demand,1.311904966442114
609,negative,medium,balanced,1.3924983147852052
610,neutral,low,high_supply_low_demand,0.840723481663698
611,neutral,low,balanced,1.3423627000128058
612,neutral,medium,low_supply_high_demand,1.1132524079847415
613,neutral,low,high_supply_low_demand,1.2625589922110785
614,negative,low,balanced,1.335243107671195
615,positive,high,balanced,1.1776513475192139
616,negative,medium,low_supply_high_demand,0.9109603954062794
617,neutral,low,high_supply_low_demand,1.0866687820627863
618,neutral,medium,high_supply_low_demand,0.8538110956266659
619,neutral,medium,balanced,1.2825104838086847
620,neutral,high,balanced,1.4675943273741585
621,negative,high,balanced,1.3566769685569309
622,positive,high,high_supply_low_demand,1.0728504959509833
623,neutral,low,balanced,1.2090040472038461
624,negative,low,balanced,1.0129404730928084
625,neutral,low,high_supply_low_demand,1.1787319196884756
626,neutral,low,high_supply_low_demand,1.010508834049248
627,neutral,low,low_supply_high_demand,1.3168273297590272
628,negative,low,high_supply_low_demand,0.9815390555909178
629,positive,medium,high_supply_low_demand,1.4748142733037262
630,negative,medium,low_supply_high_demand,1.263364112521472
631,negative,high,high_supply_low_demand,0.8481444933786907
632,negative,low,low_supply_high_demand,0.8075444344539853
633,negative,medium,high_supply_low_demand,1.4979324409435701
634,negative,high,low_supply_high_demand,0.9543539047510555
635,positive,high,balanced,1.0187939239200243
636,neutral,high,balanced,0.9458898099414759
637,neutral,high,balanced,1.4496712407298276
638,negative,medium,low_supply_high_demand,1.2564090017680298
639,negative,medium,balanced,1.1530704264892777
640,negative,medium,high_supply_low_demand,1.1903555701447992
641,neutral,high,low_supply_high_demand,1.0225109931094312
642,neutral,high,high_supply_low_demand,1.229922501654689
643,neutral,low,high_supply_low_demand,1.0937202544184523
644,negative,low,high_supply_low_demand,0.9394597024969255
645,negative,high,low_supply_high_demand,1.2596235697969171
646,neutral,medium,high_supply_low_demand,1.0616883984814485
647,negative,high,balanced,1.349546465382013
648,positive,low,low_supply_high_demand,1.090776470256669
649,neutral,low,balanced,1.1557899625323373
650,neutral,medium,low_supply_high_demand,1.3512265354266275
651,negative,high,high_supply_low_demand,1.113514665043812
652,positive,low,balanced,1.476354794586915
653,neutral,medium,low_supply_high_demand,1.3551200670365782
654,positive,low,high_supply_low_demand,1.3785012837204849
655,positive,medium,high_supply_low_demand,1.4677443266926093
656,negative,low,low_supply_high_demand,1.0721954401902452
657,neutral,low,low_supply_high_demand,1.2060561849275195
658,positive,high,low_supply_high_demand,1.2855142185569224
659,neutral,medium,low_supply_high_demand,1.2714209384784416
660,negative,medium,balanced,1.4670557561927136
661,neutral,low,low_supply_high_demand,1.0018440437148342
662,negative,high,high_supply_low_demand,1.0039530700381945
663,neutral,low,balanced,1.4426030814274027
664,neutral,low,high_supply_low_demand,1.3595139492085917
665,negative,low,high_supply_low_demand,0.9423496368487185
666,positive,medium,low_supply_high_demand,1.1990328146649374
667,positive,high,balanced,1.3220346138674297
668,neutral,low,low_supply_high_demand,1.0471254733132564
669,neutral,low,high_supply_low_demand,1.1040675758549732
670,neutral,low,low_supply_high_demand,1.202777628162625
671,positive,medium,low_supply_high_demand,1.1269759902837473
672,negative,low,low_supply_high_demand,1.327129673048323
673,negative,medium,low_supply_high_demand,0.8041571275781488
674,negative,medium,low_supply_high_demand,1.1042427670737354
675,positive,medium,low_supply_high_demand,1.0363069627302102
676,negative,medium,balanced,1.226414836980879
677,positive,medium,low_supply_high_demand,1.3431709093169517
678,neutral,high,balanced,0.8533016135410711
679,negative,medium,low_supply_high_demand,0.9106418135208347
680,negative,medium,balanced,1.2655571368994234
681,positive,low,high_supply_low_demand,1.3168817087107918
682,neutral,high,balanced,1.211741243955185
683,negative,high,balanced,1.4879623442775485
684,positive,low,high_supply_low_demand,1.1496230423746023
685,positive,medium,low_supply_high_demand,0.8954046345683506
686,negative,high,low_supply_high_demand,1.280403742259756
687,neutral,medium,balanced,1.2214528655363588
688,negative,low,low_supply_high_demand,1.2132950325211844
689,positive,high,low_supply_high_demand,1.1820975446724789
690,positive,medium,high_supply_low_demand,1.4573669966846774
691,positive,high,low_supply_high_demand,0.8904094777785907
692,neutral,high,low_supply_high_demand,0.8512381089674849
693,positive,medium,balanced,0.9078820185641239
694,neutral,medium,low_supply_high_demand,0.9714931469334653
695,positive,high,low_supply_high_demand,1.2150624236055285
696,neutral,low,balanced,1.228697674367714
697,negative,high,balanced,0.9628213142199591
698,neutral,low,balanced,1.1424578495176563
699,negative,high,low_supply_high_demand,1.1374432969374144
700,neutral,medium,low_supply_high_demand,1.1171775363996574
701,negative,low,low_supply_high_demand,1.3624817064388606
702,neutral,low,low_supply_high_demand,1.1301851489129424
703,negative,high,low_supply_high_demand,1.3308558471693162
704,positive,high,low_supply_high_demand,0.9165367922633587
705,negative,low,balanced,1.1723771408512176
706,neutral,medium,balanced,1.3768733432442368
707,positive,low,low_supply_high_demand,0.9244016087413804
708,positive,low,high_supply_low_demand,1.1254455180883638
709,negative,medium,balanced,1.2263555212250017
710,negative,medium,low_supply_high_demand,0.9293422023861011
711,positive,high,balanced,1.329735924137982
712,negative,high,high_supply_low_demand,0.8552973734574222
713,positive,high,balanced,1.462490856235403
714,positive,medium,balanced,1.127755045952695
715,negative,low,balanced,1.0352861604558337
716,negative,medium,balanced,0.8817649050138483
717,neutral,high,low_supply_high_demand,1.1028176501475053
718,negative,low,high_supply_low_demand,1.2618628205735403
719,positive,high,low_supply_high_demand,0.8661410953996689
720,positive,low,balanced,1.014388366617424
721,neutral,medium,balanced,1.3852123079408978
722,neutral,high,balanced,1.252326717918829
723,positive,medium,high_supply_low_demand,0.9444611083003368
724,neutral,medium,high_supply_low_demand,0.9126368570551624
725,positive,medium,low_supply_high_demand,1.43313951834063
726,negative,low,balanced,1.000914154938689
727,positive,medium,high_supply_low_demand,0.9256501182290413
728,neutral,medium,balanced,1.4999748129798216
729,negative,low,low_supply_high_demand,1.0164342794445342
730,positive,medium,low_supply_high_demand,0.8873181314665546
731,positive,medium,high_supply_low_demand,1.123230340827063
732,neutral,medium,low_supply_high_demand,1.1040415771389376
733,neutral,low,high_supply_low_demand,1.4487617330812317
734,positive,low,balanced,0.8939434632334133
735,negative,high,high_supply_low_demand,0.8637954842905149
736,neutral,medium,low_supply_high_demand,0.8650850696346761
737,negative,low,balanced,1.4330012260755653
738,neutral,medium,low_supply_high_demand,1.114558424572754
739,negative,low,balanced,0.905424569708658
740,positive,low,balanced,1.2156810688655035
741,negative,low,balanced,1.1763363489555825
742,positive,high,balanced,0.9388847234242296
743,negative,medium,low_supply_high_demand,1.2221266975984597
744,positive,low,high_supply_low_demand,1.038161864021862
745,positive,medium,balanced,0.966859537411609
746,negative,low,low_supply_high_demand,1.1572804276293196
747,neutral,medium,low_supply_high_demand,1.0041544830614713
748,positive,medium,low_supply_high_demand,0.9554979452328493
749,negative,low,high_supply_low_demand,1.4158056858097718
750,positive,medium,low_supply_high_demand,0.9090338036013922
751,positive,high,low_supply_high_demand,0.9964129840993827
752,negative,high,high_supply_low_demand,1.070296865894878
753,positive,medium,low_supply_high_demand,0.991546817210016
754,neutral,medium,low_supply_high_demand,0.9474974498044387
755,negative,low,high_supply_low_demand,1.3398022679382118
756,positive,low,high_supply_low_demand,1.030311311106507
757,negative,medium,high_supply_low_demand,0.8787590703895369
758,negative,medium,balanced,1.178626613719687
759,neutral,medium,high_supply_low_demand,0.8878419480654872
760,negative,medium,balanced,1.0502637252086495
761,negative,high,balanced,1.4172787335905987
762,negative,medium,high_supply_low_demand,1.058412836574354
763,negative,low,balanced,1.242756282001775
764,negative,high,low_supply_high_demand,1.1602378752060418
765,positive,medium,low_supply_high_demand,0.896407392044583
766,negative,low,high_supply_low_demand,1.2543487184535846
767,positive,high,balanced,1.3992244978536643
768,positive,medium,low_supply_high_demand,0.8652487318317409
769,neutral,medium,balanced,1.3275760623908541
770,neutral,medium,balanced,1.2831478970632846
771,negative,medium,low_supply_high_demand,1.4066624024980021
772,neutral,high,high_supply_low_demand,0.872864352493427
773,positive,low,balanced,1.013986765577675
774,negative,medium,low_supply_high_demand,1.2860040410584619
775,neutral,high,high_supply_low_demand,0.8154125852206552
776,positive,high,balanced,1.313852974411342
777,neutral,low,balanced,1.4005850053007847
778,negative,high,balanced,1.1173128366637304
779,neutral,high,balanced,1.1040309323986566
780,negative,low,high_supply_low_demand,0.9949282734485563
781,negative,high,balanced,0.8035363090035612
782,neutral,high,low_supply_high_demand,0.9304124616664493
783,negative,low,low_supply_high_demand,1.4859048828956598
784,negative,high,low_supply_high_demand,1.4071002539849498
785,negative,low,high_supply_low_demand,0.986553247124245
786,negative,medium,low_supply_high_demand,1.4746241999847325
787,neutral,medium,balanced,1.0573988311673002
788,negative,medium,balanced,1.0083097623258261
789,negative,medium,low_supply_high_demand,0.9069653448149196
790,negative,high,high_supply_low_demand,1.4311277486574718
791,negative,medium,high_supply_low_demand,1.4908947437468014
792,positive,low,balanced,1.0291879828368777
793,neutral,low,balanced,1.2924012963508988
794,neutral,low,low_supply_high_demand,1.0347123868666883
795,positive,low,high_supply_low_demand,0.8734935175138187
796,neutral,medium,low_supply_high_demand,1.0748846148176268
797,positive,low,balanced,1.1860989725328233
798,neutral,medium,balanced,0.886111731423546
799,neutral,low,low_supply_high_demand,1.3727909423528328
800,negative,low,high_supply_low_demand,1.1481541818253027
801,positive,medium,balanced,0.9640680667532011
802,positive,medium,balanced,1.2149317049800603
803,neutral,high,high_supply_low_demand,1.3552815142380816
804,positive,high,balanced,1.0293370443363832
805,negative,high,high_supply_low_demand,1.291033427080416
806,neutral,low,high_supply_low_demand,1.0995014259864813
807,neutral,low,balanced,1.4748358181919206
808,negative,low,low_supply_high_demand,1.3396580606219122
809,positive,high,balanced,1.0494456317654146
810,positive,high,balanced,0.8124235713432335
811,neutral,high,balanced,1.2602639267662996
812,neutral,low,balanced,0.9385105110093966
813,negative,medium,low_supply_high_demand,0.8853154229543929
814,positive,high,low_supply_high_demand,1.4522435159777558
815,positive,medium,low_supply_high_demand,1.4999642791504417
816,positive,low,high_supply_low_demand,0.9889221743950696
817,negative,high,low_supply_high_demand,1.0112379865161567
818,negative,low,high_supply_low_demand,0.9154922574667181
819,neutral,medium,balanced,1.1203793431507367
820,neutral,low,low_supply_high_demand,1.4060906318850233
821,neutral,low,low_supply_high_demand,1.2910541664874144
822,neutral,high,low_supply_high_demand,1.3924320906536114
823,positive,medium,low_supply_high_demand,0.9599371589715063
824,positive,high,low_supply_high_demand,1.311319247185936
825,positive,low,balanced,1.4429686398772423
826,positive,low,low_supply_high_demand,0.9969912799500733
827,negative,medium,high_supply_low_demand,1.2834574805138297
828,negative,low,high_supply_low_demand,1.0804601881828981
829,positive,high,low_supply_high_demand,1.0031586516112458
830,neutral,medium,high_supply_low_demand,1.4787364281280446
831,positive,low,low_supply_high_demand,1.044043260977805
832,neutral,high,balanced,0.8754947768824811
833,negative,high,high_supply_low_demand,1.072012446734235
834,negative,medium,low_supply_high_demand,1.1133748036719877
835,neutral,low,high_supply_low_demand,1.3265475778494666
836,positive,high,low_supply_high_demand,1.4649399868629018
837,positive,medium,high_supply_low_demand,1.3719398886559488
838,neutral,high,balanced,1.4516589178785742
839,positive,low,high_supply_low_demand,1.1325420909824517
840,positive,high,high_supply_low_demand,1.303521597765504
841,negative,low,high_supply_low_demand,1.0163347095086817
842,neutral,high,high_supply_low_demand,0.8487109759633126
843,positive,low,low_supply_high_demand,1.0558314677281955
844,negative,high,balanced,1.2885406598298084
845,positive,high,balanced,0.9922354771736306
846,positive,medium,high_supply_low_demand,1.4029841269490646
847,neutral,low,high_supply_low_demand,1.3535409949880313
848,positive,high,balanced,0.935829784429222
849,negative,medium,balanced,1.0315857337435648
850,positive,high,balanced,1.3777118322843642
851,neutral,medium,balanced,0.9707564526579096
852,positive,high,high_supply_low_demand,1.0321215019669916
853,positive,medium,balanced,1.0401468526961608
854,neutral,low,high_supply_low_demand,1.3607294194780368
855,positive,high,high_supply_low_demand,0.8259211859235118
856,positive,low,balanced,0.85165088818499
857,neutral,low,low_supply_high_demand,1.2049160837140562
858,positive,medium,high_supply_low_demand,1.0779783936972467
859,negative,low,balanced,1.2430197237274954
860,positive,medium,high_supply_low_demand,0.9865228933255681
861,positive,medium,low_supply_high_demand,1.4367078742370927
862,neutral,medium,balanced,1.3326593210221191
863,neutral,medium,high_supply_low_demand,0.8474223543852772
864,neutral,medium,low_supply_high_demand,1.3487338340995239
865,neutral,high,low_supply_high_demand,1.4787076606185758
866,positive,high,high_supply_low_demand,1.459704934411231
867,negative,low,balanced,1.3148386586178136
868,negative,high,balanced,0.886515627436851
869,negative,medium,high_supply_low_demand,1.203253736088318
870,neutral,medium,low_supply_high_demand,0.9989629101883422
871,positive,high,low_supply_high_demand,1.4791490605453732
872,positive,low,low_supply_high_demand,1.3022400077531264
873,positive,low,low_supply_high_demand,1.2275359128511936
874,negative,high,high_supply_low_demand,1.2865616298233085
875,negative,medium,low_supply_high_demand,1.1065853903767764
876,neutral,medium,high_supply_low_demand,1.0609157260063247
877,negative,low,balanced,1.455059705607975
878,negative,high,balanced,1.0323489943548807
879,negative,medium,low_supply_high_demand,0.8290052922129035
880,negative,low,low_supply_high_demand,1.0805881079081203
881,positive,low,low_supply_high_demand,1.3532382468351707
882,negative,high,balanced,1.2539278506342435
883,negative,low,high_supply_low_demand,1.4735195428345123
884,negative,medium,high_supply_low_demand,0.8743413073333963
885,negative,low,high_supply_low_demand,1.4380824115605684
886,negative,low,low_supply_high_demand,1.0581944357398436
887,negative,low,high_supply_low_demand,1.1318018097953386
888,neutral,high,low_supply_high_demand,1.099937508142464
889,neutral,medium,balanced,0.8815165967647091
890,positive,low,high_supply_low_demand,0.9734575190076321
891,neutral,high,low_supply_high_demand,1.3195900984608544
892,positive,low,high_supply_low_demand,0.8161052792919867
893,neutral,medium,balanced,0.8937214420703922
894,neutral,low,high_supply_low_demand,0.8176471181539451
895,neutral,high,high_supply_low_demand,1.4001716401264845
896,positive,low,balanced,1.2321273794472458
897,positive,low,low_supply_high_demand,0.9189500634829912
898,neutral,low,low_supply_high_demand,1.3381405561376276
899,neutral,high,low_supply_high_demand,1.4767604182160876
900,positive,low,high_supply_low_demand,1.4541922621710128
901,positive,low,high_supply_low_demand,1.4450832834685157
902,neutral,high,low_supply_high_demand,0.8054671507840203
903,neutral,high,low_supply_high_demand,1.212309442289695
904,neutral,medium,high_supply_low_demand,0.9796428316473205
905,neutral,high,low_supply_high_demand,1.1952530500169012
906,positive,low,low_supply_high_demand,1.0226212024123882
907,negative,low,high_supply_low_demand,0.9075665799408289
908,positive,high,balanced,1.1111456063508427
909,positive,medium,high_supply_low_demand,1.1465674290234613
910,negative,high,low_supply_high_demand,1.4928358547933371
911,negative,medium,low_supply_high_demand,0.8296715188969781
912,positive,high,balanced,1.0108086392280937
913,positive,medium,balanced,1.3963256915618258
914,negative,medium,high_supply_low_demand,1.26178684868823
915,negative,low,balanced,1.3786781222921272
916,negative,medium,low_supply_high_demand,1.2622036429918446
917,positive,low,low_supply_high_demand,1.331675416402293
918,neutral,high,low_supply_high_demand,1.1450452249979401
919,negative,high,low_supply_high_demand,0.9434143850283183
920,neutral,high,balanced,1.3670027025860398
921,neutral,high,low_supply_high_demand,1.1974744582647785
922,positive,high,low_supply_high_demand,0.8976536356507808
923,positive,low,low_supply_high_demand,1.3634258188096062
924,neutral,high,high_supply_low_demand,1.471010137253805
925,positive,medium,high_supply_low_demand,1.0423147108399262
926,negative,low,low_supply_high_demand,1.0054585764605104
927,negative,medium,balanced,0.8572426247452963
928,neutral,low,balanced,1.2651438585145909
929,neutral,medium,high_supply_low_demand,1.4712731329475477
930,negative,low,high_supply_low_demand,0.8951948829941254
931,negative,high,balanced,1.1396117419235208
932,neutral,low,high_supply_low_demand,0.8687667292572735
933,negative,low,high_supply_low_demand,0.8238769325968711
934,positive,medium,low_supply_high_demand,1.2651507354673517
935,positive,low,balanced,1.4073810227404486
936,neutral,low,low_supply_high_demand,1.0362993752882208
937,positive,high,high_supply_low_demand,1.4130356220870695
938,neutral,medium,high_supply_low_demand,0.8819371694057223
939,positive,low,high_supply_low_demand,0.9665724773422334
940,positive,medium,high_supply_low_demand,1.431124708834703
941,neutral,low,balanced,1.1559569255834692
942,negative,low,balanced,1.225734668657917
943,neutral,medium,balanced,0.8266127627797556
944,neutral,high,balanced,0.8898729371035223
945,negative,low,low_supply_high_demand,0.8390535687505972
946,positive,low,low_supply_high_demand,1.4335005179647684
947,neutral,low,low_supply_high_demand,0.894356474709663
948,neutral,medium,high_supply_low_demand,1.3947709786261282
949,neutral,high,balanced,1.0457242895607173
950,positive,low,balanced,1.360418247456046
951,positive,low,balanced,1.0555304832197232
952,negative,low,low_supply_high_demand,0.9873788277850135
953,neutral,medium,high_supply_low_demand,0.86556249083234
954,negative,medium,high_supply_low_demand,0.9964946134018936
955,negative,medium,high_supply_low_demand,1.130035801702096
956,neutral,medium,low_supply_high_demand,1.372256159227757
957,neutral,high,balanced,1.1167604683380885
958,negative,medium,low_supply_high_demand,1.4800049024563322
959,positive,medium,balanced,1.179143107598376
960,negative,low,high_supply_low_demand,0.8174619408680105
961,positive,medium,balanced,1.0907571101338907
962,positive,high,high_supply_low_demand,1.2822293751705596
963,negative,high,high_supply_low_demand,0.9640041523748774
964,neutral,low,high_supply_low_demand,1.2890409655937112
965,negative,high,balanced,1.1525881136270613
966,negative,medium,low_supply_high_demand,0.8180164429081808
967,positive,medium,high_supply_low_demand,1.342047064636144
968,negative,high,balanced,1.1922615926698525
969,neutral,high,high_supply_low_demand,0.8577454521567655
970,negative,medium,balanced,1.132649823423591
971,negative,low,low_supply_high_demand,1.0011050172423226
972,positive,medium,high_supply_low_demand,1.4157770798115532
973,neutral,low,high_supply_low_demand,0.9994489369650741
974,neutral,low,high_supply_low_demand,1.4591809496819392
975,positive,high,low_supply_high_demand,1.1822929245429787
976,neutral,low,balanced,1.026529596682705
977,neutral,medium,high_supply_low_demand,1.369481512192304
978,negative,medium,high_supply_low_demand,1.288180264856036
979,positive,high,low_supply_high_demand,1.0897737469871156
980,neutral,low,balanced,1.2407328118946153
981,positive,medium,low_supply_high_demand,1.3450089848197968
982,negative,low,low_supply_high_demand,1.3960904559984426
983,neutral,medium,high_supply_low_demand,1.3714888995998447
984,positive,medium,balanced,0.9162539620153927
985,neutral,medium,high_supply_low_demand,1.37987268675251
986,positive,medium,high_supply_low_demand,0.8410403412186406
987,negative,high,low_supply_high_demand,0.940119477085398
988,negative,high,low_supply_high_demand,1.2360487040461925
989,neutral,low,high_supply_low_demand,0.880284767812833
990,neutral,low,low_supply_high_demand,1.22234331653934
991,positive,high,low_supply_high_demand,1.0155759839544947
992,neutral,medium,balanced,1.1006266096082538
993,negative,low,high_supply_low_demand,1.0206060524118348
994,negative,low,high_supply_low_demand,0.8491214975054332
995,negative,high,balanced,1.1505311270453726
996,neutral,low,low_supply_high_demand,1.4745196110764212
997,positive,high,balanced,1.228248343712089
998,negative,medium,balanced,1.0100223101319878
999,negative,low,balanced,1.4693048838868132
